old_url,new_url,arsyeja
/impianti-singoli.html,/impianti-dentali.html,riemertim faqeje
/guida-prezzi.html,/guida/prezzi-dentista-albania.html,konsoliduar ne guida
/recensioni.html,/chi-siamo.html#recensioni,konsoliduar
/servizi.html,/index.html#servizi,konsoliduar
/preventivo.html,/prezzi.html,konsoliduar
/consulenza-gratuita.html,/contattaci.html,konsoliduar
/quiz-allon.html,/all-on-4.html,konsoliduar
/pacchetto-completo.html,/prezzi.html,konsoliduar
/protesi-fissa.html,/all-on-4.html,konsoliduar
/offerta-maggio-2026.html,/prezzi.html,kupon i fshire qellimisht
/cure-dentali-albania.html,/prezzi.html,konsoliduar
/rifacimento-denti-albania.html,/prezzi.html,konsoliduar
/sbiancamento.html,/faccette-dentali.html,HEQUR QELLIMISHT nga biznesi
/pagamento-rateale.html,/prezzi.html,HEQUR QELLIMISHT - financim jo i ofruar
/referral.html,/index.html,konsoliduar
/blog.html,/guida.html,zevendesuar nga guida
/blog/15-domande-frequenti-dentisti-albania.html,/prezzi.html,konsoliduar ne FAQ
/blog/all-on-4-albania-costo-procedura-guida.html,/all-on-4.html,konsoliduar - ky ishte burimi kryesor i trafikut per all-on-4
/blog/all-on-4-albania-errori-da-evitare-guida-2026.html,/all-on-4.html,konsoliduar
/blog/all-on-4-albania-tutto-da-sapere.html,/all-on-4.html,konsoliduar
/blog/all-on-4-vs-all-on-6-albania-quale-scegliere.html,/guida/all-on-4-vs-all-on-6.html,mbajtur si guida
/blog/all-on-6-albania-guida-completa.html,/all-on-6.html,konsoliduar
/blog/all-on-6-albania-recupero-vita-quotidiana-guida-2026.html,/all-on-6.html,konsoliduar
/blog/apparecchio-denti-albania-costo.html,/ortodonzia.html,konsoliduar - burim trafiku i madh per ortodonzia
/blog/cliniche-dentali-albania-sicure-verita.html,/guida/dentista-albania-sicurezza.html,mbajtur si guida
/blog/come-organizzare-viaggio-cure-dentali-tirana.html,/contattaci.html,konsoliduar
/blog/costo-faccette-dentali-albania.html,/faccette-dentali.html,konsoliduar
/blog/cure-dentali-albania-guida-definitiva.html,/prezzi.html,konsoliduar
/blog/denti-a-rate-albania-guida-completa.html,/prezzi.html,HEQUR QELLIMISHT - ky ishte artikulli #1 per trafik/CTR historikisht (financim)
/blog/faccette-ceramica-prima-dopo-costi-procedura.html,/faccette-dentali.html,konsoliduar
/blog/faccette-dentali-albania-guida-completa.html,/faccette-dentali.html,konsoliduar
/blog/faccette-dentali-costo-albania-guida-prezzi.html,/faccette-dentali.html,konsoliduar
/blog/faccette-dentali-emax-vs-zirconio-albania.html,/faccette-dentali.html,konsoliduar
/blog/faccette-dentali-prima-dopo-albania-risultati.html,/faccette-dentali.html,konsoliduar
/blog/ortodonzia-albania.html,/ortodonzia.html,konsoliduar
/blog/pagamento-rateale-dentista-albania.html,/prezzi.html,HEQUR QELLIMISHT - #1 faqe per trafik historikisht (63-80 klikime/vit) financim
/blog/preventivo-dentista-albania.html,/prezzi.html,konsoliduar
/blog/prezzi-impianti-dentali-albania.html,/impianti-dentali.html,konsoliduar
/blog/quanto-costa-apparecchio-albania.html,/ortodonzia.html,konsoliduar
/blog/quanto-costa-dentista-albania.html,/prezzi.html,konsoliduar
/blog/quanto-costa-impianto-dentale-albania-vs-italia.html,/impianti-dentali.html,konsoliduar
/blog/quanto-costa-mettere-faccette-dentali-albania.html,/faccette-dentali.html,konsoliduar
/blog/quanto-costa-sbiancamento-denti-albania.html,/faccette-dentali.html,HEQUR QELLIMISHT sbiancamento - drejt trajtimit kozmetik me te afert
/blog/sbiancamento-denti-albania-costo.html,/faccette-dentali.html,HEQUR QELLIMISHT sbiancamento
/blog/sbiancamento-denti-albania-guida-completa.html,/faccette-dentali.html,HEQUR QELLIMISHT sbiancamento
/blog/trapianto-capelli-fue-albania-guida-2026.html,/index.html,jashte fokusit te biznesit (nuk eshte trajtim dentar)
